{
	"alpha": [
		[1],
		[1],
		[1],
		[0.1490758354],
		[0.4301116558],
		[0.5754599562],
		[0.6926812651],
		[1],
		[1],
		[0.7178045867],
		[1],
		[0.03471273287],
		[0.6154888226],
		[0.7794065177],
		[0.7950205999],
		[0.7503361248],
		[1],
		[1],
		[0.9777458562],
		[0.7287932431],
		[0.4370532436]
	],
	"bias": -0.2710881349,
	"kernelFcn": "gaussian",
	"kernelScale": 4.257568588,
	"mu": [34.86973843,31.85032027,32.94506323,26.67297215,14.3813494,12.70318028,6.990225567,4.941637602,3.96932599,1.538926776,17.734375,11.09375,7.390625,5.15625,2.40625,10.59561024,6.660752368,4.466873727,3.132273932,1.455885306],
	"sigma": [27.70521067,35.11071857,40.00059188,37.01073739,32.24306817,5.73631548,5.028152505,5.131585896,6.000818143,3.53317966,10.65513989,11.35457667,8.847028274,7.017762602,5.897563056,6.153405359,6.659030413,5.244234711,4.205013779,3.527719234],
	"sv": [
		[-0.7955603465,0.5116527169,0.1790881605,-0.7206819976,-0.4460291843,-0.4526501176,0.05071538235,0.1053415111,-0.6614641363,-0.4355642577,-0.06892213595,0.1678838459,0.4079759766,-0.7347427225,-0.408007507,-0.06877228455,0.1803964179,0.4270734964,-0.7448902898,-0.4126987466],
		[0.7257072168,-0.5202681026,1.716120753,0.9404975903,-0.4460291843,-0.5837787456,0.1407471863,0.7056111749,4.093083397,-0.4355642577,0.2126321216,0.828410453,0.351459824,1.117699535,-0.408007507,0.212786778,0.8308965136,0.3719821797,1.124786723,-0.4126987466],
		[0.556288127,0.8952867891,-0.574847583,1.820543555,3.100560755,0.2308802352,0.6994128227,-0.1648571891,0.7850639099,1.814577948,0.8695920557,1.532972167,2.555589776,0.5477173022,0.9484849839,0.8696892047,1.524628064,2.519442703,0.5751407406,0.9968954285],
		[1.438974933,-0.4048324047,1.899956417,0.4226561918,-0.4460291843,0.5554272525,0.7211176805,1.181333351,0.8481105799,-0.4355642577,-0.8197334893,-0.05229168972,0.1253952136,0.5477173022,-0.408007507,-0.8198487305,-0.0365093365,0.1515660387,0.5751407406,-0.4126987466],
		[-0.811430377,-0.5739079428,0.1176216788,-0.7206819976,-0.4460291843,-1.322946456,-0.0805328031,0.9163998108,-0.6614641363,-0.4355642577,-0.02199642637,0.2999891674,0.8035890448,-0.7347427225,-0.408007507,-0.02184389491,0.3105154876,0.8126277619,-0.7448902898,-0.4126987466],
		[-0.3700419929,-0.9071395164,-0.8236143938,-0.7206819976,-0.4460291843,1.995077552,-1.390217493,-0.9629844853,-0.6614641363,-0.4355642577,-0.1158478455,-0.9770289395,-0.8353793807,-0.7347427225,-0.408007507,-0.1157015818,-1.00025859,-0.8517684607,-0.7448902898,-0.4126987466],
		[-0.07651046058,-0.6877486691,1.007880245,-0.4913330926,1.323515676,-0.5455553874,-0.2990846859,1.447507212,0.3917852031,2.037854847,2.981248987,3.426481774,1.707847486,2.257664002,4.085373869,2.980934241,3.388847926,1.693629311,2.223579955,4.02598939],
		[1.219124276,-0.6154906862,-0.8236143938,-0.7206819976,-0.4460291843,0.04631348946,0.2672008858,-0.9629844853,-0.6614641363,-0.4355642577,-0.5851049414,0.07981363168,-0.8353793807,-0.7347427225,-0.408007507,-0.5850696954,0.09364144393,-0.8517684607,-0.7448902898,-0.4126987466],
		[2.507067491,1.211604503,-0.4499712739,0.8841781866,1.06298268,0.270906203,0.03585784775,0.2874640889,0.5689013237,0.7517610157,-0.06892213595,0.3880593816,1.199202113,1.61643399,1.965854352,-0.06877228455,0.3972545754,1.198094059,1.605554211,1.979689036],
		[-0.173263219,2.001393656,-0.483234815,1.656041405,-0.4460291843,0.8217975624,0.7734090171,0.7016125794,0.5474605157,-0.4355642577,-0.02199642637,0.2559540602,-0.1571855494,0.1914784065,-0.408007507,-0.02184389491,0.2671440014,-0.1241586156,0.2313492489,-0.4126987466],
		[1.035394297,-0.4792866318,1.782076217,0.2611198217,2.378221272,0.7663585922,0.8040525811,2.503981234,0.6573005744,2.964564429,0.4003349599,0.9605157744,0.4644921292,2.257664002,0.8637042032,0.4004808093,0.9609775353,0.4821610122,2.223579955,0.914939015],
		[-0.2890156124,2.140853966,1.021812845,0.7793831845,-0.4460291843,1.386213291,1.639377152,1.136099175,-0.1519393525,-0.4355642577,0.165706412,0.2559540602,0.9731375026,1.117699535,-0.408007507,0.1658619577,0.2671440014,0.9778350856,1.124786723,-0.4126987466],
		[-0.7000393774,1.365037785,1.768311539,0.9175813176,-0.4460291843,-0.6530700191,0.5055552312,1.661185547,0.7883238618,-0.4355642577,0.165706412,-0.2284321183,-0.1006693968,0.2627261856,-0.408007507,0.1658619577,-0.210095265,-0.06898490164,0.3001369028,-0.4126987466],
		[1.559941102,1.953199876,-0.04081347688,-0.2893399914,-0.4460291843,-0.2448553861,0.4264544263,0.5963315003,0.4737479295,-0.4355642577,-0.9135849085,-0.4045725468,0.01236290838,0.1914784065,-0.408007507,-0.9137960902,-0.3837873531,0.04131385274,0.2313492489,-0.4126987466],
		[-0.6407491927,1.148856571,1.475518253,0.2835310846,1.268034328,-0.8766748523,0.1423614763,0.7331533115,1.303955822,0.8256714267,-0.9135849085,-0.3165023325,-0.04415324422,0.04898284817,0.7789234225,-0.9137960902,-0.2969229719,-0.01382851593,0.09370356459,0.8329655062],
		[1.353725912,-0.4508448581,0.06922953767,2.354776857,-0.4460291843,2.961835087,0.1813938012,0.3893773096,0.250414031,-0.4355642577,-0.5851049414,0.03577852455,0.2949436714,0.6189650814,-0.408007507,-0.5850696954,0.05026060179,0.3168865119,0.6438661755,-0.4126987466],
		[-0.5391515038,0.9966594578,1.885512186,-0.7206819976,-0.4460291843,0.1521739623,1.96749836,0.7997837544,-0.6614641363,-0.4355642577,0.02492928322,-0.3165023325,-0.04415324422,-0.7347427225,-0.408007507,0.02508366123,-0.2969229719,-0.01382851593,-0.7448902898,-0.4126987466],
		[1.920475729,-0.4284340671,-0.8236143938,-0.7206819976,-0.4460291843,0.9885346791,0.3992793427,-0.9629844853,-0.6614641363,-0.4355642577,-1.101287747,-0.4486076539,-0.8353793807,-0.7347427225,-0.408007507,-1.101805105,-0.4272387098,-0.8517684607,-0.7448902898,-0.4126987466],
		[-0.6934379211,1.118385735,-0.8236143938,-0.7206819976,-0.4460291843,-0.5145221906,0.5668508786,-0.9629844853,-0.6614641363,-0.4355642577,-0.8197334893,-0.2724672254,-0.8353793807,-0.7347427225,-0.408007507,-0.8198487305,-0.2535053573,-0.8517684607,-0.7448902898,-0.4126987466],
		[-0.6550019189,0.2091095747,0.1079507692,-0.7206819976,-0.4460291843,-0.1327824592,1.402060147,0.4716610828,-0.6614641363,-0.4355642577,3.028174697,-0.4486076539,0.1819113662,-0.7347427225,-0.408007507,3.027849206,-0.4272387098,0.2066793353,-0.7448902898,-0.4126987466],
		[-0.8424974526,0.3355228672,-0.08006479002,1.274877888,2.463444081,-0.6328171514,1.068502984,-0.4125301916,0.2988484155,2.930241034,1.620403409,1.841217917,2.838170539,2.186416223,1.965854352,1.620376965,1.828117482,2.794701613,2.154914125,1.979689036]
	],
	"svl": [
		[-1],
		[-1],
		[-1],
		[1],
		[-1],
		[-1],
		[-1],
		[-1],
		[1],
		[1],
		[1],
		[1],
		[1],
		[1],
		[1],
		[1],
		[1],
		[1],
		[-1],
		[-1],
		[-1]
	],
	"sxfp": [-0.5446348,"_NaN_"]
}
