{
	"alpha": [
		[0.5749091135],
		[0.07590307362],
		[0.09892212568],
		[0.4328146357],
		[1],
		[0.9363316724],
		[1],
		[1],
		[1],
		[0.2947628422],
		[1],
		[0.4504004331],
		[0.481743621],
		[0.2125003056],
		[0.3015955268],
		[1],
		[0.2097370683],
		[0.5110864916],
		[0.1299618147],
		[0.7123899438],
		[0.3953840349],
		[0.3616306558],
		[0.3469968664],
		[0.3616367537],
		[0.4625693227],
		[1],
		[0.09089104312],
		[0.09331272416],
		[0.08681767267],
		[0.1148687476],
		[0.2150543546],
		[1],
		[1],
		[0.7309381522],
		[0.07565319083],
		[0.01255415349],
		[0.6207592195],
		[0.4828222423],
		[0.300329604],
		[0.8729283273],
		[1],
		[0.9989926677],
		[1],
		[0.9472162248],
		[1],
		[1],
		[0.3451188034],
		[1],
		[1],
		[1],
		[1],
		[1],
		[1],
		[1],
		[0.4256085617],
		[1],
		[1],
		[0.578546028],
		[0.8415973358],
		[1],
		[0.6475872725],
		[1],
		[0.2635388392],
		[1],
		[1]
	],
	"bias": -0.6331163597,
	"kernelFcn": "gaussian",
	"kernelScale": 2.761623334,
	"mu": [38.31858119,36.86569606,30.08154313,26.16842343,13.7321382,13.38082448,7.474168897,4.36518564,3.181504287,1.533122849,24.60824742,17.72680412,8.309278351,6.067010309,3.309278351,14.56483522,10.50698565,4.984543601,3.645878563,1.984000542],
	"sigma": [31.43831392,34.92008572,37.88313858,37.81714426,30.75230652,7.317606383,5.555497371,4.683936143,4.746624623,3.36146952,17.28954206,18.04768288,11.61501437,10.63568797,8.551755211,9.98393473,10.50592113,6.830098645,6.265102195,5.049226161],
	"sv": [
		[-0.9653187199,-0.3211818022,0.8439398016,-0.6919724886,-0.4465401054,-0.7884627908,-0.5501005275,1.757129409,-0.6702666716,-0.4560870893,0.02265835474,-0.1787932637,0.05946799783,-0.5704389151,-0.3869706591,0.02278220573,-0.1692856043,0.08289852022,-0.5819344122,-0.3929316055],
		[-0.8639761899,0.02788050572,0.9375007756,-0.6919724886,-0.4465401054,-0.318409807,0.3526072043,0.2789168439,-0.6702666716,-0.4560870893,0.9480732643,0.5415208113,2.125759027,-0.5704389151,-0.3869706591,0.9481184892,0.5453009066,2.112283279,-0.5819344122,-0.3929316055],
		[-0.9457130792,0.2705679906,-0.7940615339,-0.6919724886,-0.4465401054,-0.4414208645,1.613304006,-0.9319481536,-0.6702666716,-0.4560870893,-0.1219377249,0.1813637738,-0.7153911381,-0.5704389151,-0.3869706591,-0.1218128829,0.1880342145,-0.7297908654,-0.5819344122,-0.3929316055],
		[-0.5931962416,1.222137924,-0.6620766934,0.512740993,1.295334659,0.4454593355,1.898534672,0.03034165478,2.672177034,2.110247912,0.2540120821,-0.04027132616,0.4899452956,0.1817456187,1.308587696,0.2541254052,-0.03184481864,0.5058680667,0.2117721116,1.33574605],
		[-0.3472133854,0.9281787556,-0.5764994259,0.5581953572,2.934416772,-0.7146711675,0.7765516503,0.4036754054,1.330951649,1.749851725,-0.4111298841,-0.01256693866,0.5760407551,1.074964753,1.659392873,-0.4110242534,-0.004358470651,0.5904371511,1.087822214,1.678909815],
		[-0.3069165335,-0.8789578157,1.074523843,0.3316512426,2.913472092,0.4863058888,-0.5250215258,2.252704008,1.212107495,2.114541025,0.1672544344,0.5969295863,0.6621362147,0.2757686854,1.425522755,0.1673727639,0.6002625836,0.6750014991,0.3040445389,1.450139465],
		[-0.2858056534,1.465709204,0.986853913,0.5146648669,-0.2551280033,1.445933717,1.173697931,0.521091771,0.5057112417,0.2051335141,-0.5846451796,-0.1510888762,0.5329930254,0.2757686854,0.8408474602,-0.584574212,-0.141796045,0.5481532607,0.3040445389,0.8780820868],
		[-0.5377367803,1.064509571,-0.5900849623,0.6224666183,-0.4465401054,-0.04838960847,2.611942567,0.1501890903,1.06590216,-0.4560870893,-0.1219377249,-0.2896108136,0.1886111872,0.5108263522,-0.3869706591,-0.1218128829,-0.2792533039,0.2098201007,0.5346378362,-0.3929316055],
		[-0.8619186696,0.4016932029,0.9745353279,0.5422560844,1.692136248,-0.05726140772,0.2663639895,1.096382672,1.089394791,1.035653548,0.311850514,-0.6220634636,-0.2418661106,0.3227802187,0.3146396948,0.31195991,-0.609359699,-0.2135027566,0.3501717035,0.3627796034],
		[-0.4331842102,-1.055716081,-0.7940615339,-0.6919724886,-0.4465401054,0.6547442763,-1.345364492,-0.9319481536,-0.6702666716,-0.4560870893,-1.163029498,-0.9822205011,-0.7153911381,-0.5704389151,-0.3869706591,-1.163663132,-1.000101325,-0.7297908654,-0.5819344122,-0.3929316055],
		[1.590885321,-0.5998364778,0.1270537209,0.694895014,-0.4465401054,1.74160113,0.4813965015,0.5668752202,0.6886388048,-0.4560870893,-0.7581604752,-0.1510888762,0.05946799783,0.2757686854,-0.3869706591,-0.7581575984,-0.141796045,0.08289852022,0.3040445389,-0.3929316055],
		[0.891102246,-0.6214884732,-0.7940615339,-0.6919724886,-0.4465401054,4.387482767,0.2543589471,-0.9319481536,-0.6702666716,-0.4560870893,-0.5846451796,0.3475900988,-0.7153911381,-0.5704389151,-0.3869706591,-0.584574212,0.3529305629,-0.7297908654,-0.5819344122,-0.3929316055],
		[0.5298321218,-0.6667326912,1.887630451,0.9337843653,-0.4465401054,-0.5502322821,0.04027631951,0.8961173224,5.34056784,-0.4560870893,-0.2665338045,0.1536593863,0.1886111872,0.6518609523,-0.3869706591,-0.2664141693,0.1605505931,0.2098201007,0.6729561477,-0.3929316055],
		[-0.435803719,-1.055716081,-0.7940615339,-0.6919724886,-0.4465401054,1.471348619,-1.345364492,-0.9319481536,-0.6702666716,-0.4560870893,-0.4689683159,-0.9822205011,-0.7153911381,-0.5704389151,-0.3869706591,-0.4688716261,-1.000101325,-0.7297908654,-0.5819344122,-0.3929316055],
		[-0.1771272212,-0.8351275538,1.139803302,-0.4675141838,1.40878595,-0.5202687626,-0.3578053611,1.708917311,0.6612811644,2.143678882,1.439699935,1.788218249,1.221756702,1.404045486,2.711808404,1.43968006,1.781872135,1.224597211,1.410444625,2.708225882],
		[0.9646589897,-0.762475106,-0.7940615339,-0.6919724886,-0.4465401054,-0.05629920439,0.1547266457,-0.9319481536,-0.6702666716,-0.4560870893,-0.7581604752,-0.3173152011,-0.7153911381,-0.5704389151,-0.3869706591,-0.7581575984,-0.306748168,-0.7297908654,-0.5819344122,-0.3929316055],
		[-0.6869264351,0.06662674445,0.1895728558,-0.6919724886,-0.4465401054,-0.1966935914,1.181861582,0.6398083216,-0.6702666716,-0.4560870893,1.468619151,-0.6497678511,0.05946799783,-0.5704389151,-0.3869706591,1.468595193,-0.6369007306,0.08289852022,-0.5819344122,-0.3929316055],
		[-0.8521580463,0.193730142,-0.008951710353,1.261034389,2.603974,-0.5886737821,0.8799666886,-0.3288862409,0.5437878285,3.081649821,0.6010426732,0.7908602988,2.082711297,1.357033953,1.250120167,0.6011268588,0.7926250844,2.070014222,1.364357467,1.278546781],
		[-0.211037817,-0.744026969,-0.6737605974,-0.5491066567,-0.4465401054,-0.7919060412,-0.4780983898,-0.6533144691,-0.05309148564,-0.4560870893,1.063750128,1.621991924,1.867472648,1.074964753,-0.3869706591,1.063780887,1.617000874,1.858667006,1.087822214,-0.3929316055],
		[-0.9180536691,-0.2911885075,0.04488825952,0.2463420164,-0.4465401054,-0.8992049329,-0.4709086211,-0.535662729,-0.1302131375,-0.4560870893,-0.1219377249,0.04284183634,0.9204225933,0.8869186191,-0.3869706591,-0.1218128829,0.05061279958,0.9286734585,0.9034496051,-0.3929316055],
		[-0.5675188893,1.66573581,-0.7940615339,-0.6919724886,-0.4465401054,0.2877422526,2.352495217,-0.9319481536,-0.6702666716,-0.4560870893,-0.2086953726,-0.5943590761,-0.7153911381,-0.5704389151,-0.3869706591,-0.2085727719,-0.5818273172,-0.7297908654,-0.5819344122,-0.3929316055],
		[1.397897736,0.1708468631,2.097467064,2.539061052,3.375100778,1.207777261,1.650175444,0.2885300011,-0.04221444814,0.393858261,2.133761117,1.788218249,4.062906867,5.494048888,5.576717349,2.133638033,1.781872135,4.014318472,5.419409463,5.509867305],
		[1.070702891,2.325248108,0.238759597,-0.6919724886,-0.4465401054,2.978012207,-0.1121693751,0.7947043374,-0.6702666716,-0.4560870893,2.104841901,2.259192836,2.814522703,-0.5704389151,-0.3869706591,2.104723295,2.249003496,2.788575352,-0.5819344122,-0.3929316055],
		[1.383921275,1.757913149,2.295592754,1.009778745,0.7591359489,-0.7697367805,0.0870341081,0.7805840555,1.600545682,3.258304393,1.468619151,2.176079674,4.880813733,5.070945088,5.225912172,1.468595193,2.166568894,4.817378612,5.004708559,5.166820374],
