{
	"alpha": [
		[0.3127654632],
		[0.3046509942],
		[0.3441771293],
		[0.6269252419],
		[0.6850370186],
		[0.6259015672],
		[0.3348763084],
		[0.6744369329],
		[0.1841218925],
		[1],
		[0.704877323],
		[0.4559323137],
		[0.1172691336],
		[1],
		[0.1905245807],
		[0.4385041006],
		[1],
		[1],
		[1],
		[1],
		[1],
		[1],
		[1],
		[1]
	],
	"bias": -0.4611282533,
	"kernelFcn": "gaussian",
	"kernelScale": 3.928996469,
	"mu": [30.19692327,39.60649727,30.27028181,30.73555888,20.4460587,15.85425767,9.405184148,5.583539733,4.381634902,1.922528785,21.28846154,14.23076923,11.40384615,5.442307692,4.269230769,12.6482753,8.504471003,6.830745077,3.31975821,2.587967104],
	"sigma": [25.30810489,34.51274405,32.15151225,35.9823101,34.73377523,8.508230527,6.450017707,4.743781173,4.939694472,2.976582837,9.323275258,9.590861035,10.74618,5.99721089,6.392543733,5.38463912,5.644988185,6.327481811,3.631128222,3.853118574],
	"sv": [
		[-0.8782299241,-0.4043867753,0.9885180368,-0.8541852593,-0.5886506308,-0.9688375877,-0.7731912549,1.478130545,-0.8870254886,-0.6458845226,0.3980938414,0.02807159527,-0.2236930848,-0.9074731224,-0.6678453754,0.3981726396,0.03968359773,-0.2022915978,-0.9142497887,-0.6716551941],
		[-0.7523398867,-0.05120460887,1.098758057,-0.8541852593,-0.5886506308,-0.5645628442,0.004324506856,0.01856632713,-0.8870254886,-0.6458845226,2.11422895,1.383528624,2.009658674,-0.9074731224,-0.6678453754,2.113885959,1.369604809,1.988295196,-0.9142497887,-0.6716551941],
		[-0.8749510064,-0.2408495718,-0.7178902578,0.8996226656,-0.5886506308,-1.029905841,0.3531364521,-0.5572129238,0.990048716,-0.6458845226,2.167858172,2.009124176,2.707581098,1.760433725,-0.6678453754,2.167499959,1.983330423,2.672682641,1.728143935,-0.6716551941],
		[0.3592511435,-0.875738663,1.160650685,1.905504147,-0.5886506308,-0.3467117939,-0.007044747313,1.481580061,1.744528276,-0.6458845226,0.07631850845,1.122863811,1.032567279,0.2597361234,-0.6678453754,0.07645000676,1.113876605,1.030096722,0.295939848,-0.6716551941],
		[-0.8538753432,0.1943472302,-0.9414885861,-0.8541852593,-0.5886506308,-0.6703599893,1.090181645,-1.177023039,-0.8870254886,-0.6458845226,0.1299477306,0.7058001096,-1.061199994,-0.9074731224,-0.6678453754,0.130071492,0.7046936408,-1.079536106,-0.9142497887,-0.6716551941],
		[0.1827737555,-0.9478713163,1.981165291,1.043252492,1.385478731,0.4539363138,-0.7463503377,1.571229124,1.220373907,0.5713113082,-0.6744906017,-0.07619433001,0.3346448548,1.593689547,1.522206126,-0.6743233181,-0.06264326974,0.3455628281,1.569079643,1.518693282],
		[-0.4159707647,1.157148206,-0.7859749057,0.4119597827,0.9535562359,0.09241203399,1.335855112,-0.2268729691,2.324777525,2.252290115,0.8271276186,0.2887364085,0.2415885315,0.4264803013,1.600422251,0.8271178953,0.2954754626,0.2542760878,0.4552012964,1.593648682],
		[-0.1104051648,0.8597195418,-0.685141842,0.4597319864,2.404753384,-0.9053722113,0.3694742416,0.1417510007,1.035974448,1.845292943,-0.4063444909,0.3408693711,0.3346448548,2.010549992,2.069719001,-0.4061700984,0.3466304686,0.3455628281,1.966726939,2.043339349],
		[-0.06034748231,-0.9687460212,1.260208125,0.221635782,2.386209554,0.1275426052,-0.7515903331,1.967453238,0.9217753632,2.257138349,0.6662399521,1.487794549,0.4277011781,0.5932244793,1.756854501,0.666265387,1.471894314,0.4368444557,0.6144069625,1.74355277],
		[-0.03412305819,1.403594271,1.156909341,0.4139817601,-0.4191797456,0.9528821042,0.7115423129,0.2576861037,0.2429888779,0.1008351309,-0.7281198238,0.08020455791,0.2881166932,0.5932244793,0.9746932505,-0.727957951,0.0908445804,0.2999201615,0.6144069625,0.9939139966],
		[-0.3470777377,0.9976594215,-0.7011492619,0.527280611,-0.5886506308,-0.3323287125,1.950324074,-0.1085374653,0.7812845203,-0.6458845226,0.1299477306,-0.1804602553,-0.08410859987,1.010084924,-0.6678453754,0.130071492,-0.1649779429,-0.06528813567,1.012269688,-0.6716551941],
		[-0.7497839873,0.3270200669,1.142394731,0.4429799275,1.30487319,-0.3399590105,-0.06995807269,0.8257194397,0.8038589323,1.038745457,0.9343860629,-0.806055807,-0.5493902162,0.6765965683,0.2707481251,0.9343518078,-0.779340921,-0.5222371969,0.6939941824,0.3186483047],
		[-0.8375547424,0.400712065,-0.1241777992,-0.8541852593,-0.5886506308,-0.9849118321,0.4518644745,1.105327093,-0.8870254886,-0.6458845226,0.5053522857,0.9143319601,0.1485322083,-0.9074731224,-0.6678453754,0.5054106129,0.9092883948,0.1629830879,-0.9142497887,-0.6716551941],
		[-0.4887287422,1.595961267,1.129435258,-0.8541852593,-0.5886506308,0.8328006822,1.382503668,0.1312170221,-0.8870254886,-0.6458845226,-0.6208613795,-0.2847261806,-0.5493902162,-0.9074731224,-0.6678453754,-0.6206901823,-0.2673223946,-0.5222371969,-0.9142497887,-0.6716551941],
		[-0.6735383763,-1.147590502,-0.9414885861,-0.8541852593,-0.5886506308,-0.1473485607,-1.458164082,-1.177023039,-0.8870254886,-0.6458845226,0.5053522857,-1.483784321,-1.061199994,-0.9074731224,-0.6678453754,0.5054106129,-1.506552489,-1.079536106,-0.9142497887,-0.6716551941],
		[-0.2245961435,-1.147590502,-0.9414885861,-0.8541852593,-0.5886506308,-0.9169095616,-1.458164082,-1.177023039,-0.8870254886,-0.6458845226,-0.2454568245,-1.483784321,-1.061199994,-0.9074731224,-0.6678453754,-0.2452904166,-1.506552489,-1.079536106,-0.9142497887,-0.6716551941],
		[-0.2172001141,-1.147590502,-0.9414885861,-0.8541852593,-0.5886506308,0.272410074,-1.458164082,-1.177023039,-0.8870254886,-0.6458845226,-1.800704267,-1.483784321,-1.061199994,-0.9074731224,-0.6678453754,-1.80167633,-1.506552489,-1.079536106,-0.9142497887,-0.6716551941],
		[-0.4555954171,-1.147590502,-0.9414885861,-0.8541852593,-0.5886506308,0.4414923722,-1.458164082,-1.177023039,-0.8870254886,-0.6458845226,-1.532558156,-1.483784321,-1.061199994,-0.9074731224,-0.6678453754,-1.53286439,-1.506552489,-1.079536106,-0.9142497887,-0.6716551941],
		[2.297145927,-0.6863303132,0.1438332044,0.6034023241,-0.5886506308,1.207174433,0.1152526677,0.3028919732,0.4187666472,-0.6458845226,-1.049895157,0.08020455791,-0.2236930848,0.5932244793,-0.6678453754,-1.049807784,0.0908445804,-0.2022915978,0.6144069625,-0.6716551941],
		[1.086106106,1.957826744,-0.2309854588,0.0716168893,-0.3574275649,0.06885263716,0.9362290412,-0.1489489948,0.1266086422,0.8907095715,-1.318041268,-0.6496569191,0.3811730164,1.010084924,1.756854501,-1.318106279,-0.6256556087,0.3912042206,1.012269688,1.74355277],
		[1.841805254,-0.2379023797,-0.3272095486,1.804760199,1.034580705,-0.9488940959,-0.4204788443,0.4027352169,0.4755426555,1.210533363,-0.08456915801,-0.2847261806,0.4742293397,0.6765965683,0.8964771255,-0.08441750182,-0.2673223946,0.4824836363,0.6939941824,0.9189267861],
		[2.511880449,0.006445447905,-0.506050281,-0.8541852593,-0.5886506308,1.16364075,1.376778808,0.7336802491,-0.8870254886,-0.6458845226,-0.8353782681,0.4451352964,1.311736249,-0.9074731224,-0.6678453754,-0.835232356,0.448937827,1.303878254,-0.9142497887,-0.6716551941],
		[-0.1819503288,1.654112089,1.548615314,2.298679804,1.314216235,0.4997800469,-0.05187668088,0.03978927363,0.4448028405,0.8131806462,-0.2990860466,-0.5975239564,0.4277011781,0.5932244793,0.5053965003,-0.2989161457,-0.5744475078,0.4368444557,0.6144069625,0.5438623606],
		[1.427859187,-0.7082378594,-0.9414885861,-0.8541852593,-0.5886506308,3.482796878,-0.08029819643,-1.177023039,-0.8870254886,-0.6458845226,-0.7281198238,1.018597885,-1.061199994,-0.9074731224,-0.6678453754,-0.727957951,1.011583217,-1.079536106,-0.9142497887,-0.6716551941]
	],
	"svl": [
		[-1],
		[-1],
		[-1],
		[-1],
		[-1],
		[-1],
		[-1],
		[-1],
		[-1],
		[-1],
		[-1],
		[-1],
		[-1],
		[1],
		[-1],
		[-1],
		[-1],
		[1],
		[1],
		[1],
		[1],
		[1],
		[1],
		[1]
	],
	"sxfp": [-7.228141,-2.711394]
}
