{
	"alpha": [
		[0.089787043],
		[0.008273503062],
		[0.1200636483],
		[0.4191283091],
		[0.0936133157],
		[0.5703837334],
		[0.02543261364],
		[0.7941897865],
		[0.1377928472],
		[0.6012663327],
		[1],
		[0.8599311325],
		[1]
	],
	"bias": -0.4115222974,
	"kernelFcn": "gaussian",
	"kernelScale": 8.004463815,
	"mu": [41.29590774,38.47522308,32.71107199,29.68000562,17.56055961,13.67667404,7.681459433,4.577316034,3.445679998,2.17015666,24.49479167,19.234375,10.234375,6.760416667,4.359375,14.49924699,11.38399117,6.105603008,4.058839048,2.613362979],
	"sigma": [31.13712425,36.19645694,38.673539,39.89501563,33.93845079,7.729353935,5.463034632,4.810895237,4.838596933,3.964026906,17.95938324,19.5084264,14.18411883,11.25166167,9.275804157,10.3706957,11.34309894,8.307668764,6.619719307,5.480174431],
	"sv": [
		[-0.753691399,1.552977326,0.8758510916,-0.7439527259,-0.5174237246,1.198449948,1.947799817,0.3385416763,-0.7121237924,-0.5474626464,-0.5008407888,-0.3964632944,-0.3337799871,-0.6008371798,-0.4699727297,-0.5007537081,-0.3868917966,-0.3104726932,-0.6131436787,-0.4768758753],
		[1.685189325,0.03739935914,-0.4838210433,-0.7439527259,-0.5174237246,1.562628324,1.941040671,0.9326002812,-0.7121237924,-0.5474626464,-0.6122031877,-0.03764398957,1.076247681,-0.6008371798,-0.4699727297,-0.6121476025,-0.0304388987,1.080376248,-0.6131436787,-0.4768758753],
		[0.4393373617,-0.6876885709,1.781058545,0.7971290488,-0.5174237246,-0.559197166,0.003013792157,0.8283751203,5.184456454,-0.5474626464,-0.2502753913,0.06487581181,0.01872692997,0.5545477207,-0.4699727297,-0.2501542351,0.07138493222,0.03755958339,0.574522631,-0.4768758753],
		[-0.2744604052,-0.8501454391,1.048515306,-0.5311849914,1.163724184,-0.530829822,-0.4018054849,1.61972539,0.5941139109,1.657122307,1.392319992,1.577042882,0.8647435309,1.265553813,2.38692243,1.392313534,1.573044782,0.8718523265,1.27250399,2.380413744],
		[-0.2536256559,-0.8071728169,0.5007303565,-0.173802458,1.779914053,-0.4046996169,-0.1963941541,0.7299669241,0.02491459344,1.140334092,0.8076673982,1.269483478,0.8647435309,2.243187191,2.009596654,0.8077345163,1.26763804,0.8718523265,2.232028662,2.011620325],
		[0.8966750272,-0.8093016003,-0.8458256687,-0.7439527259,-0.5174237246,4.980299936,0.0908751766,-0.9514478717,-0.7121237924,-0.5474626464,1.253116994,1.602672833,-0.7215375959,-0.6008371798,-0.4699727297,1.253129268,1.598495196,-0.7349357782,-0.6131436787,-0.4768758753],
		[-0.6686283353,1.562531669,-0.8458256687,-0.7439527259,-0.5174237246,0.2341379375,2.354367366,-0.9514478717,-0.7121237924,-0.5474626464,-0.1945941918,-0.6271328475,-0.7215375959,-0.6008371798,-0.4699727297,-0.1944699538,-0.6162017508,-0.7349357782,-0.6131436787,-0.4768758753],
		[1.62044158,0.1894362145,1.387941486,-0.7439527259,-0.5174237246,-1.213334653,-0.916217249,-0.4748857476,-0.7121237924,-0.5474626464,2.478103382,2.576610946,4.107807168,-0.6008371798,-0.4699727297,2.477936027,2.565600252,4.068877103,-0.6131436787,-0.4768758753],
		[-0.1762232172,1.844418592,-0.8458256687,-0.7439527259,-0.5174237246,-1.060294041,-0.8362451719,-0.9514478717,-0.7121237924,-0.5474626464,2.394581582,2.345941393,-0.7215375959,-0.6008371798,-0.4699727297,2.394427254,2.336550504,-0.7349357782,-0.6131436787,-0.4768758753],
		[0.9809833788,1.604456052,-0.2235703635,0.4278728585,2.623254212,0.07661558232,0.181531187,1.363422158,0.9170054641,0.7372119468,0.4457396018,0.5005849677,1.146749065,1.932122025,1.578367196,0.4458426006,0.5040964146,1.149882449,1.926736977,1.5901158],
		[0.9854399787,2.19878803,0.165886914,-0.7439527259,-0.5174237246,2.781095517,-0.1520120704,0.7296384149,-0.7121237924,-0.5474626464,2.032653786,2.012752038,2.169019124,-0.6008371798,-0.4699727297,2.032554888,2.005699496,2.157667311,-0.6131436787,-0.4768758753],
		[0.8993364241,1.581268451,2.011104578,2.316434668,0.5719815493,0.6769650894,0.06066371314,0.4729159336,-0.1337724339,3.127279925,2.756509379,2.320311442,3.508545409,5.487152488,5.405528637,2.75629808,2.311100489,3.478146151,5.415584183,5.330487699],
		[1.301688127,1.65145862,2.180683013,0.8691653765,0.5750633728,-0.7670085216,0.05056296383,0.7158907659,1.515524838,2.602317628,1.420160592,1.935862187,3.861052326,4.731708515,4.704780767,1.420150317,1.929348983,3.8256354,4.674223884,4.645670039]
	],
	"svl": [
		[-1],
		[-1],
		[-1],
		[-1],
		[-1],
		[-1],
		[-1],
		[-1],
		[-1],
		[-1],
		[1],
		[1],
		[1]
	],
	"sxfp": [-0.9995045,"_NaN_"]
}
