{
	"alpha": [
		[0.1493758586],
		[0.009538049556],
		[0.05880861093],
		[0.002154031683],
		[0.01114019719],
		[0.5822807258],
		[0.3042316349],
		[0.0264205911],
		[0.2817427541],
		[0.1220387379],
		[0.03090285512],
		[0.03837770588],
		[0.07468991148],
		[0.6609869577],
		[1],
		[0.1161019814],
		[0.01492444395],
		[0.01137855958],
		[0.07840098524],
		[0.07457129676],
		[0.3090715778],
		[0.2282011164],
		[0.2520876667],
		[0.1501481532],
		[0.02124012923],
		[0.0906948963],
		[0.1579438524],
		[1],
		[0.08822481782],
		[1],
		[1],
		[0.6111475304],
		[1],
		[0.8934794202],
		[0.4410511484],
		[1]
	],
	"bias": -0.6089179445,
	"kernelFcn": "gaussian",
	"kernelScale": 3.750412648,
	"mu": [40.14446266,35.63071344,31.48747198,29.57959282,18.08955919,13.39067227,7.551292516,4.438624104,3.354393183,1.977214183,24.66494845,19.3556701,9.768041237,7.726804124,4.412371134,14.59747399,11.45126734,5.834340686,4.615343818,2.639250357],
	"sigma": [30.47781982,34.95601924,39.03656133,40.50198211,34.29362518,7.771175916,5.410604939,4.75691966,4.775782121,3.799845538,18.9601723,18.93450317,13.22739067,13.11686665,10.21895968,10.94845492,11.01753644,7.759485734,7.695177567,6.016784546],
	"sv": [
		[-0.9923989891,0.4145468648,-0.8066148993,-0.7303245738,-0.5274904328,-0.4595778706,0.4787096378,-0.933087885,-0.7023756733,-0.5203406726,0.2286398814,-0.07159787036,-0.7384707599,-0.5890739252,-0.4317828106,0.228756725,-0.06365371837,-0.7518978558,-0.5997709315,-0.438647975],
		[-1.021873049,0.5093674039,-0.133456791,-0.7303245738,-0.5274904328,-0.7613096882,0.8813109712,1.342958456,-0.7023756733,-0.5203406726,0.07041347122,0.1924703207,0.2443383464,-0.5890739252,-0.4317828106,0.07053553021,0.1984223896,0.2613158892,-0.5997709315,-0.438647975],
		[-0.9479186694,-1.019301231,-0.8066148993,-0.7303245738,-0.5274904328,-0.4825496344,-1.395646624,-0.933087885,-0.7023756733,-0.5203406726,0.3341241549,-1.022243358,-0.7384707599,-0.5890739252,-0.4317828106,0.3342353213,-1.039367321,-0.7518978558,-0.5997709315,-0.438647975],
		[1.759423568,0.1201004582,-0.4479767528,-0.7303245738,-0.5274904328,1.591021653,1.983907427,0.9723380911,-0.7023756733,-0.5203406726,-0.588863238,-0.04519105125,1.189347103,-0.5890739252,-0.4317828106,-0.5888158239,-0.03744463291,1.191660201,-0.5997709315,-0.438647975],
		[-0.4774737,1.746873138,1.244298484,2.070707932,1.39979925,0.8641973011,0.2807978292,0.2803636243,0.675163098,0.6226079806,-0.3251525543,-0.5733274333,0.4711404479,0.09706555005,0.3021470836,-0.3250462538,-0.5617903569,0.4846364652,0.1215572799,0.3397633562],
		[0.8592763797,-0.5855199928,-0.8066148993,-0.7303245738,-0.5274904328,4.130137377,0.2469163537,-0.933087885,-0.7023756733,-0.5203406726,-0.5361211013,0.2452839589,-0.7384707599,-0.5890739252,-0.4317828106,-0.5360564197,0.2508345659,-0.7518978558,-0.5997709315,-0.438647975],
		[0.486620998,-0.6307177015,1.795840482,0.7876624057,-0.5274904328,-0.5193848511,0.02710073451,0.8669303133,5.271760997,-0.5203406726,-0.2460393492,0.06043622517,0.0553365952,0.4020164279,-0.4317828106,-0.2459251525,0.06738803949,0.07517185027,0.421910184,-0.438647975],
		[0.3326141956,0.7911017879,-0.5517046476,1.591848976,2.807034295,0.08195797957,0.5462766956,-0.07209819647,1.115201328,1.571890865,0.123155608,0.4829453308,1.529550255,0.09706555005,0.3510757432,0.1232764328,0.4866813649,1.526529247,0.1215572799,0.38781547],
		[-0.242617835,-0.7989394602,1.070109563,-0.5207453964,1.136246056,-0.4911701711,-0.381641311,1.667259836,0.6210426873,1.77949862,1.309853685,1.618438552,0.9625450011,1.011918184,2.161436149,1.309868204,1.61342116,0.9684047268,1.02234346,2.163812757],
		[0.768135419,-0.5895548654,1.863424754,0.1668465624,2.127886464,0.4772228432,0.6435199187,2.806944249,0.9546654149,2.641173499,-0.1405550757,0.1396566825,0.1309372957,1.011918184,0.3021470836,-0.1404347005,0.1460093796,0.1496360194,1.02234346,0.3397633562],
		[-0.8094234695,1.262931687,1.84932015,0.766721501,-0.5274904328,-0.5705324005,0.3661220649,1.897767982,1.11929749,-0.5203406726,-0.2724104176,-0.5733274333,-0.2470662068,-0.05540988889,-0.4317828106,-0.2722985032,-0.5617903569,-0.2228549718,-0.02871799534,-0.438647975],
		[-0.6631717869,0.8929230856,1.969415135,-0.7303245738,-0.5274904328,0.02386072165,1.72472671,0.9685201478,-0.7023756733,-0.5203406726,-0.3515236227,-0.6261410716,-0.2092658565,-0.5890739252,-0.4317828106,-0.3514207109,-0.6142692703,-0.1855776261,-0.5997709315,-0.438647975],
		[-0.9389219379,0.2288606073,-0.04470290624,1.093219337,2.20801345,-0.555582689,0.889277458,-0.3392785101,0.5042666815,2.609258854,0.5450927019,0.6677930646,1.718552006,0.9737993239,0.9382196586,0.5451885767,0.6701112335,1.712562495,0.9848211607,0.9640401772],
		[-0.1943481801,-0.7059204258,-0.8066148993,-0.7303245738,-0.5274904328,0.01897376582,0.186624708,-0.933087885,-0.7023756733,-0.5203406726,0.04404240285,0.4037248735,-0.7384707599,-0.5890739252,-0.4317828106,0.04416486423,0.4080670065,-0.7518978558,-0.5997709315,-0.438647975],
		[-0.2775971072,-0.7079325236,-0.6898685237,-0.5969291818,-0.5274904328,-0.7469531704,-0.5051557077,-0.6587291657,-0.08896851604,-0.5203406726,0.9670297958,1.459997638,1.529550255,0.7450861655,-0.4317828106,0.9670844203,1.456205935,1.526529247,0.7596773478,-0.438647975],
		[-0.7852103543,1.130257032,0.1839095053,1.830396663,1.974260758,-0.4819757837,-0.1091805963,0.6327373723,0.8567581119,3.197915779,0.09678453959,-0.3884796996,0.3577393972,0.4401352877,0.3510757432,0.0969060504,-0.3782110248,0.3729813877,0.4594444556,0.38781547],
		[-0.5302587069,1.263863345,2.13687813,0.5499054089,-0.5274904328,0.8130878854,2.173184419,0.4615156468,0.09822604503,-0.5203406726,-0.5361211013,-0.2828524232,0.2065379962,0.4020164279,-0.4317828106,-0.5360564197,-0.2733455848,0.2240911109,0.421910184,-0.438647975],
		[1.20254638,0.04307270189,-0.4558589098,1.77767484,1.103522125,-0.9517453363,0.9589808325,0.3422643,1.282059879,1.915221373,-0.7470896483,-0.4677001569,0.2065379962,0.09706555005,0.253218424,-0.7471226272,-0.4568745272,0.2240911109,0.1215572799,0.291701219],
		[-0.8561622113,0.4715517565,0.8171376068,1.655267614,2.074764076,-0.3799523722,1.03708722,1.799958876,1.921339003,2.053068656,1.283482616,0.7998271601,0.5467411484,0.6307295863,0.8403623394,1.283500371,0.8011301228,0.5590687271,0.6470970375,0.8680329508],
		[-0.666970148,1.43248096,0.6209997464,2.047967005,-0.5274904328,0.345628046,1.613062091,1.670890836,0.7431943185,-0.5203406726,-0.5361211013,-0.4677001569,0.1309372957,0.09706555005,-0.4317828106,-0.5360564197,-0.4568745272,0.1496360194,0.1215572799,-0.438647975],
		[1.38204329,0.2060008515,1.999477001,2.286526829,2.899510102,1.136017368,1.680111896,0.2686649613,-0.07815788592,0.2315492031,1.942759326,1.618438552,3.457368117,4.328258981,4.55894047,1.942690932,1.61342116,3.423989035,4.286280411,4.514922567],
		[0.9565708845,1.718754776,2.023747191,2.284199569,0.5506320194,0.7101247747,0.08530929314,0.5074378201,-0.1164173865,3.313177895,2.602036035,2.384236306,3.797571269,4.633209858,4.901441087,2.601874132,2.373286031,3.758824934,4.586397403,4.850782805],
		[1.367626368,1.791435691,2.191748623,0.8586191903,0.5536819248,-0.7260778324,0.07511066584,0.7531696271,1.55457273,2.765533353,1.336224753,1.98813402,4.175574772,3.985189243,4.265368512,1.336236016,1.980253966,4.130863196,3.948647716,4.22704097],
		[1.931976087,-0.2106814382,-0.5134424462,-0.07117239632,1.936524367,0.7820578411,0.7331686698,1.29815799,1.474587167,2.139596559,1.125256206,0.5885726073,-0.09586480578,0.6307295863,0.5467903817,1.125292881,0.5914989851,-0.07379600879,0.6470970375,0.5799527287],
		[1.467269443,-0.3020308663,0.690788724,2.041978853,-0.5274904328,0.1238131065,1.543487855,1.037014328,0.8609162101,-0.5203406726,-0.1669261441,0.2188771398,0.8491439503,0.7832050253,-0.4317828106,-0.1668069114,0.2246285754,0.8567729643,0.7972027035,-0.438647975],
