{
	"alpha": [
		[0.02784503066],
		[0.008565802239],
		[0.4155626598],
		[0.0642529421],
		[0.01586736497],
		[0.06803896033],
		[0.03351797321],
		[0.004856637167],
		[0.002441909368],
		[0.03188030972],
		[0.08422264877],
		[0.1829308913],
		[1],
		[0.01267715797],
		[0.02198806201],
		[0.02535165043]
	],
	"bias": -0.8759779583,
	"kernelFcn": "gaussian",
	"kernelScale": 5.42553928,
	"mu": [34.41425224,35.20355885,33.70112865,31.14067144,19.72027016,13.82289054,8.023276341,4.953359256,3.826816001,1.968553603,19.16145833,13.171875,8.536458333,6.036458333,3.546875,11.41971978,7.875939027,5.143558842,3.65924051,2.147844387],
	"sigma": [28.93249077,34.48177712,37.66514698,38.52223257,35.41061237,7.450221043,5.732452869,4.761134226,4.842999992,3.506143528,10.77045051,11.55326979,9.035673392,7.126763786,6.222657295,6.220152465,6.770822665,5.353268722,4.271449666,3.740820011],
	"sv": [
		[-0.8038583999,0.07643825463,0.8468276069,-0.808381793,-0.5569028275,-0.3720780466,0.245933283,0.1508579756,-0.7901746868,-0.5614583624,2.02763493,1.24017921,2.70743979,-0.8470125452,-0.5699936268,2.027453286,1.23470003,2.665303885,-0.8566741496,-0.5741640551],
		[-0.9111099705,-0.1133770221,-0.7038895738,0.8297906698,-0.5569028275,-0.9035046272,0.6384080707,-0.4228227149,1.124376849,-0.5614583624,2.074058244,1.759512707,3.537483072,1.398045728,-0.5699936268,2.07386566,1.746376972,3.474239385,1.389605492,-0.5741640551],
		[1.103226174,-0.5811850555,-0.894756329,-0.808381793,-0.5569028275,4.250049181,0.1507178582,-1.040373789,-0.7901746868,-0.5614583624,-0.4328006827,0.9372346704,-0.9447506526,-0.8470125452,-0.5699936268,-0.4326638853,0.9362093204,-0.9608258261,-0.8566741496,-0.5741640551],
		[0.7106666922,-0.6270043868,1.802456273,0.7876181628,-0.5569028275,-0.599774059,-0.05675623745,0.7580510292,5.101044629,-0.5614583624,0.07785576527,0.6342901304,0.2173099427,0.9770973019,-0.5699936268,0.07801316283,0.6377036748,0.2379997736,0.9839228877,-0.5741640551],
		[0.5484341485,0.814369973,-0.6305646168,1.633133802,2.672438139,0.02747456836,0.4332706469,-0.1801462506,1.00217546,1.706034856,0.7277821536,1.326734793,2.375422477,0.4158327336,0.7156307649,0.7278665122,1.319981106,2.341721369,0.4428258106,0.7551307169],
		[-0.05752191388,-0.7975397689,1.050300984,-0.5880318411,1.054353,-0.5703438931,-0.4425495062,1.557672099,0.5148754383,1.93103346,2.816831259,3.187679824,1.545379194,2.099626439,3.688637171,2.816456236,3.153421054,1.532727934,2.065626066,3.61166832],
		[1.007217233,-0.5852754213,1.872501335,0.1348971105,2.014713247,0.4397674078,0.5250541601,2.69634766,0.843867687,2.864888968,0.2635490191,0.7641235047,0.3279823803,2.099626439,0.6352792404,0.2636930902,0.7656369442,0.3459345118,2.065626066,0.6778430593],
		[-0.6114744875,0.1156770089,0.09457096375,-0.808381793,-0.5569028275,-0.2525283915,1.049589348,0.5058978791,-0.7901746868,-0.5614583624,2.863254572,-0.6207658206,0.0513012862,-0.8470125452,-0.5699936268,2.862867766,-0.5996586267,0.07606377533,-0.8566741496,-0.5741640551],
		[-0.791016695,0.2443960573,-0.1051025874,1.108878395,2.092312719,-0.6375312966,0.7570136696,-0.4470900557,0.3997202119,2.830300903,1.470555169,1.629679333,2.652103571,2.029468368,1.679849059,1.470498805,1.618459646,2.611373876,1.998028229,1.681938182],
		[-0.03509957277,-0.7524302415,0.4878504343,-0.2179135795,1.644925378,-0.4394880444,-0.2467922554,0.6586143194,-0.05380638624,1.3467555,1.841941676,2.668346327,1.545379194,3.643104002,3.126176499,1.8418031,2.641775858,1.532727934,3.552658454,3.071398471],
		[-0.09436948302,-0.7052811763,-0.7737591363,-0.6681308933,-0.5569028275,-0.8371460016,-0.5591292008,-0.7662579329,-0.1852812448,-0.5614583624,2.213328184,2.928013075,2.375422477,1.608519941,-0.5699936268,2.213102407,2.897599191,2.341721369,1.592423164,-0.5741640551],
		[-0.7248579017,-0.07018853793,-0.894756329,-0.808381793,-0.5569028275,-0.2905587498,0.3831371114,-1.040373789,-0.7901746868,-0.5614583624,1.795518363,1.413290376,-0.9447506526,-0.8470125452,-0.5699936268,1.795390367,1.405261463,-0.9608258261,-0.8566741496,-0.5741640551],
		[1.202853135,-0.7546648833,-0.894756329,-0.808381793,-0.5569028275,5.147268005,0.02697576994,-1.040373789,-0.7901746868,-0.5614583624,2.584714692,3.230957615,-0.9447506526,-0.8470125452,-0.5699936268,2.58439799,3.196057906,-0.9608258261,-0.8566741496,-0.5741640551],
		[-0.6290951382,1.158189759,0.131833762,1.883941024,1.865933489,-0.5607534122,-0.1853860681,0.5240653962,0.7473192773,3.468268337,0.6813588401,-0.1014323236,0.6599996932,1.047255373,0.7156307649,0.6814504565,-0.08737866356,0.6696703991,1.051542293,0.7551307169],
		[1.238944412,1.591930567,2.044579773,-0.4856841285,0.3311481398,-0.764987966,-0.05979015624,1.079126809,0.7237642844,2.218683707,-0.66491725,-0.05815453222,0.0513012862,1.117413444,1.599497534,-0.6648400033,-0.0447163627,0.07606377533,1.119159129,1.60473],
		[-0.7038366435,0.4904250381,0.7881181416,1.699811675,1.963266544,-0.4543348411,0.896524669,1.690253673,1.797124438,2.227519863,2.770407945,1.84606829,0.9366807873,1.398045728,1.51914601,2.770044667,1.831654623,0.9394013112,1.389605492,1.527518885]
	],
	"svl": [
		[-1],
		[-1],
		[-1],
		[-1],
		[-1],
		[-1],
		[-1],
		[-1],
		[-1],
		[-1],
		[-1],
		[-1],
		[1],
		[-1],
		[-1],
		[-1]
	],
	"sxfp": [-0.9996249,"_NaN_"]
}
